<?xml version="1.0" encoding="utf-8"?>
<!DOCTYPE install SYSTEM "http://www.joomla.org/xml/dtd/1.5/module-install.dtd">
<install type="module" version="1.5.0">
	<name>VirtueMart Search</name>
	<creationDate>February 2008</creationDate>
	<author>The VirtueMart Development Team</author>
	<authorEmail>soeren|at|virtuemart.net</authorEmail>
	<authorUrl>http://www.virtuemart.net</authorUrl>
	<copyright>
		Copyright (C) 2004-2008 Soeren Eberhardt-Biermann. All rights
		reserved.
	</copyright>
	<license>http://www.gnu.org/licenses/gpl-2.0.html GNU/GPL</license>
	<version>1.1.0</version>
	<description>Shows the product search field</description>
	<files>
		<filename module="mod_virtuemart_search">mod_virtuemart_search.php</filename>
	</files>
	<params>
		<param name="moduleclass_sfx" type="text" default=""
			label="Module Class Suffix"
			description="A suffix to be applied to the css class of the module (table.moduletable), this allows individual module styling" />
		<param name="class_sfx" type="text" default=""
			label="Menu Class Suffix"
			description="A suffix to be applied to the css class of the menu items" />
	</params>
</install>
