[ 
  {
    "name" : "BMW 2010 5 Cерии 528i Седан 155КВт", 
    "type": "легковая", 
    "mark" : "BMW", 
    "model" : "528i", 
    "price" : "150000",
    "color" : "Серебристый",
    "year" : "2010", 
    "power" : "155", 
    "vvv" : "3.2", 
    "fuel" : "Бензин", 
    "kpp" : "автоматическая", 
    "drive" : "Заднеприводная",
    "door" : "4",
    "seat" : "5",
    "img" : ["css/expauto/images/middle/3_1337347812.jpg",
             "css/expauto/images/middle/4_1337348285.jpg", 
             "css/expauto/images/middle/4_1337347812.jpg",
             "css/expauto/images/middle/5_1337347813.jpg"],
    "complect" : "\u00cf\u00f0\u00e8\u00ec\u00e5\u00f0:\r\nABS\r\nAirbag \u00e4\/\u00e2\u00ee\u00e4\u00e8\u00f2\u00e5\u00eb\u00ff\r\nAirbag \u00e4\/\u00ef\u00e0\u00f1\u00f1\u00e0\u00e6\u00e8\u00f0\u00e0\r\n\u00c1\u00ee\u00f0\u00f2\u00ee\u00e2\u00ee\u00e9 \u00ea\u00ee\u00ec\u00ef\u00fc\u00fe\u00f2\u00e5\u00f0\r\n\u00c3\u00d3\u00d0\r\n\u00c8\u00ec\u00ec\u00ee\u00e1\u00e8\u00eb\u00e0\u00e9\u00e7\u00e5\u00f0\r\n\u00ca\u00eb\u00e8\u00ec\u00e0\u00f2-\u00ea\u00ee\u00ed\u00f2\u00f0\u00ee\u00eb\u00fc\r\n\u00ca\u00f0\u00f3\u00e8\u00e7-\u00ea\u00ee\u00ed\u00f2\u00f0\u00ee\u00eb\u00fc\r\n\u00ce\u00e1\u00ee\u00e3\u00f0\u00e5\u00e2 \u00f1\u00e8\u00e4\u00e5\u00ed\u00e8\u00e9\r\n\u00d6\u00e5\u00ed\u00f2\u00f0\u00e0\u00eb\u00fc\u00ed\u00fb\u00e9 \u00e7\u00e0\u00ec\u00ee\u00ea\r\nAirbag \u00e1\u00ee\u00ea\u00ee\u00e2\u00fb\u00e5\r\nAirbag \u00ee\u00ea\u00ee\u00ed\u00ed\u00fb\u00e5\r\nESP\tHandsfree\r\n\u00c4\u00e0\u00f2\u00f7\u00e8\u00ea \u00e4\u00ee\u00e6\u00e4\u00ff\r\n\u00ca\u00e0\u00ec\u00e5\u00f0\u00e0 \u00e7\u00e0\u00e4\u00ed\u00e5\u00e3\u00ee \u00f5\u00ee\u00e4\u00e0\r\n\u00ca\u00ee\u00f0\u00f0\u00e5\u00ea\u00f2\u00ee\u00f0 \u00f4\u00e0\u00f0\r\n\u00ca\u00f1\u00e5\u00ed\u00ee\u00ed\u00ee\u00e2\u00fb\u00e5 \u00f4\u00e0\u00f0\u00fb\r\n\u00ce\u00e1\u00ee\u00e3\u00f0\u00e5\u00e2 \u00e7\u00e5\u00f0\u00ea\u00e0\u00eb\r\n\u00cf\u00e0\u00ed\u00ee\u00f0\u00e0\u00ec\u00ed\u00fb\u00e9 \u00eb\u00fe\u00ea\r\n\u00cf\u00e0\u00f0\u00ea\u00f2\u00f0\u00ee\u00ed\u00e8\u00ea\r\n\u00cf\u00ee\u00e4\u00eb\u00ee\u00ea\u00ee\u00f2\u00ed\u00e8\u00ea \u00ef\u00e5\u00f0\u00e5\u00e4\u00ed\u00e8\u00e9\r\n\u00cf\u00f0\u00ee\u00f2\u00e8\u00e2\u00ee\u00f2\u00f3\u00ec\u00e0\u00ed\u00ed\u00fb\u00e5 \u00f4\u00e0\u00f0\u00fb\r\n\u00d0\u00e0\u00e7\u00e4. \u00f1\u00ef\u00e8\u00ed\u00ea\u00e0 \u00e7\u00e0\u00e4\u00ed. \u00f1\u00e8\u00e4\u00e5\u00ed\u00e8\u00e9\r\n\u00d0\u00e5\u00e3\u00f3\u00eb. \u00f1\u00e8\u00e4. \u00ef\u00e0\u00f1\u00f1. \u00ef\u00ee \u00e2\u00fb\u00f1\u00ee\u00f2\u00e5\r\n\u00dd\u00eb\u00e5\u00ea\u00f2\u00f0\u00ee\u00e0\u00ed\u00f2\u00e5\u00ed\u00ed\u00e0\r\n\u00dd\u00eb\u00e5\u00ea\u00f2\u00f0\u00ee\u00e7\u00e5\u00f0\u00ea\u00e0\u00eb\u00e0\r\n\u00cc\u00e0\u00e3\u00ed\u00e8\u00f2\u00ee\u00eb\u00e0: \u00f1 MP3\r\n\u00d1\u00e0\u00eb\u00ee\u00ed: \u00ea\u00ee\u00e6\u00e0\r\n\u00dd\u00eb\u00e5\u00ea\u00f2\u00f0\u00ee\u00f1\u00f2\u00b8\u00ea\u00eb\u00e0: \u00e2\u00f1\u00e5\r\n\u00d0\u00e5\u00e3\u00f3\u00eb\u00e8\u00f0\u00ee\u00e2\u00ea\u00e0 \u00f0\u00f3\u00eb\u00ff: \u00e2 2 \u00ef\u00eb."
  }
]